Current Page, Current 'src' Attribute inside <img> tag, Change to This Filename before Uploading, New URL of Page
https://www.uta.edu/news/releases/2017/02/mental-health-community-conversation.php, https://www.uta.edu/news/_images/releases/2017/Teen%20poster.pdf, teen-poster.pdf.jpeg, /news/news-releases/2017/02/06uta-hosts-community-conversation-on-youth-mental-health
https://www.uta.edu/news/releases/2017/03/CAPPA-tiny-houses.php, https://www.uta.edu/news/_images/releases/cappa-tiny-house-1, cappa-tiny-house-1.jpeg, /news/news-releases/2017/03/30cappa-senior-design-project-aims-to-reduce-residential-footprint
https://www.uta.edu/news/releases/2017/03/CAPPA-tiny-houses.php, https://www.uta.edu/news/_images/releases/cappa-tiny-house-3, cappa-tiny-house-3.jpeg, /news/news-releases/2017/03/30cappa-senior-design-project-aims-to-reduce-residential-footprint
https://www.uta.edu/news/releases/2017/03/CAPPA-tiny-houses.php, https://www.uta.edu/news/_images/releases/cappa-tiny-house-2, cappa-tiny-house-2.jpeg, /news/news-releases/2017/03/30cappa-senior-design-project-aims-to-reduce-residential-footprint
https://www.uta.edu/news/releases/2015/02/cleghorn-leakey-grant.php, https://www.uta.edu/news/_images/releases/2015/Pinnacle-Point.JPG, pinnacle-point.jpeg, /news/news-releases/2015/02/01ut-arlington-anthropologist-awarded-prestigious-leakey-foundation-grant-to-research-early-humans-in-south-africa
https://www.uta.edu/news/releases/2019/02/Castoe-NIH-NSF2.php, https://www.uta.edu/news/_images/releases/Castoe-lab, castoe-lab.jpeg, /news/news-releases/2019/02/19uta-biology-researcher-looks-for-new-ways-to-eliminate-parasitic-disease
https://www.uta.edu/news/releases/2017/01/UTA-BRIT-MOU.php, https://www.uta.edu/news/_images/releases/2017/UTA-BRIT-MOU-high-res, uta-brit-mou-high-res.jpeg, /news/news-releases/2017/01/30uta-botanical-research-institute-of-texas-partner-to-spur-discoveries-job-creation
https://www.uta.edu/news/releases/2017/03/Mydlarz%20Coral%20Reefs.php, https://www.uta.edu/news/_images/releases/2017/Laura%20Mydlarz%201%20022417.JPG, laura-mydlarz-1-022417.jpeg, /news/news-releases/2017/03/24uta-biologist-quantifying-coral-species-disease-susceptibility-by-examining-immune-traits
https://www.uta.edu/news/releases/2016/02/rajeshwar-solar-cells.php, https://www.uta.edu/news/_images/releases/2016/02-16.pdf, 02-16.pdf.jpeg, /news/news-releases/2016/02/16uta-researchers-devise-more-efficient-materials-for-solar-fuel-cells
https://www.uta.edu/news/releases/2016/02/water-conservation-savings-2009-2015.php, https://www.uta.edu/news/_images/releases/2016/water-conservation1, water-conservation1.jpeg, /news/news-releases/2016/02/29uta-water-conservation-efforts-lead-way-for-sustainable-urban-communities
