https://www.uta.edu/news/in-the-news/2017/11/08.php,
https://www.uta.edu/news/in-the-news/2017/11/01.php,
https://www.uta.edu/news/in-the-news/2017/11/03.php,
https://www.uta.edu/news/in-the-news/2017/11/15.php,
https://www.uta.edu/news/in-the-news/2017/11/10.php,
https://www.uta.edu/news/in-the-news/2018/02/07.php,
https://www.uta.edu/news/in-the-news/2017/11/17.php,
https://www.uta.edu/news/in-the-news/2017/11/13.php,
https://www.uta.edu/news/in-the-news/2017/11/20.php,
https://www.uta.edu/news/in-the-news/2017/11/29.php,
https://www.uta.edu/news/in-the-news/2017/11/22.php,
https://www.uta.edu/news/in-the-news/2018/02/05.php,
https://www.uta.edu/news/in-the-news/2018/04/30.php,
https://www.uta.edu/news/in-the-news/2017/11/27.php,
https://www.uta.edu/news/in-the-news/2018/05/02.php,
https://www.uta.edu/news/in-the-news/2018/05/04.php,
https://www.uta.edu/news/in-the-news/2017/12/15.php,
https://www.uta.edu/news/in-the-news/2017/12/08.php,
https://www.uta.edu/news/in-the-news/2018/02/09.php,
https://www.uta.edu/news/in-the-news/2017/12/18.php,
https://www.uta.edu/news/in-the-news/2018/02/12.php,
https://www.uta.edu/news/in-the-news/2018/04/25.php,
https://www.uta.edu/news/in-the-news/2017/12/06.php,
https://www.uta.edu/news/in-the-news/2018/04/27.php,
https://www.uta.edu/news/in-the-news/2018/02/16.php,
https://www.uta.edu/news/in-the-news/2017/12/01.php,
https://www.uta.edu/news/in-the-news/2017/12/04.php,
https://www.uta.edu/news/in-the-news/2018/05/07.php,
https://www.uta.edu/news/in-the-news/2018/02/19.php,
https://www.uta.edu/news/in-the-news/2017/12/13.php,
https://www.uta.edu/news/in-the-news/2018/02/02.php,
https://www.uta.edu/news/in-the-news/2018/01/12.php,
https://www.uta.edu/news/in-the-news/2018/01/22.php,
https://www.uta.edu/news/in-the-news/2018/04/20.php,
https://www.uta.edu/news/in-the-news/2018/01/03.php,
https://www.uta.edu/news/in-the-news/2018/04/16.php,
https://www.uta.edu/news/in-the-news/2018/04/23.php,
https://www.uta.edu/news/in-the-news/2018/01/17.php,
https://www.uta.edu/news/in-the-news/2018/01/05.php,
https://www.uta.edu/news/in-the-news/2018/01/10.php,
https://www.uta.edu/news/in-the-news/2018/01/29.php,
https://www.uta.edu/news/in-the-news/2017/12/22.php,
https://www.uta.edu/news/in-the-news/2018/01/26.php,
https://www.uta.edu/news/in-the-news/2018/04/06.php,
https://www.uta.edu/news/in-the-news/2018/04/11.php,
https://www.uta.edu/news/in-the-news/2018/01/08.php,
https://www.uta.edu/news/in-the-news/2018/01/19.php,
https://www.uta.edu/news/in-the-news/2018/04/13.php,
https://www.uta.edu/news/in-the-news/2018/01/24.php,
https://www.uta.edu/news/in-the-news/2018/03/09.php,
https://www.uta.edu/news/in-the-news/2018/02/14.php,
https://www.uta.edu/news/in-the-news/2018/03/19.php,
https://www.uta.edu/news/in-the-news/2018/04/18.php,
https://www.uta.edu/news/in-the-news/2018/01/31.php,
https://www.uta.edu/news/in-the-news/2018/03/02.php,
https://www.uta.edu/news/in-the-news/2018/04/09.php,
https://www.uta.edu/news/in-the-news/2018/04/02.php,
https://www.uta.edu/news/in-the-news/2018/03/07.php,
https://www.uta.edu/news/in-the-news/2018/03/12.php,
https://www.uta.edu/news/in-the-news/2018/03/28.php,
https://www.uta.edu/news/in-the-news/2018/02/21.php,
https://www.uta.edu/news/in-the-news/2018/04/04.php,
https://www.uta.edu/news/in-the-news/2018/03/05.php,
https://www.uta.edu/news/in-the-news/2018/03/21.php,
https://www.uta.edu/news/in-the-news/2018/03/14.php,
https://www.uta.edu/news/in-the-news/2018/03/26.php,
https://www.uta.edu/news/in-the-news/2018/03/30.php,
https://www.uta.edu/news/in-the-news/2018/03/23.php,
https://www.uta.edu/news/in-the-news/2017/12/20.php,
https://www.uta.edu/news/in-the-news/2017/12/11.php,
https://www.uta.edu/news/in-the-news/2018/02/23.php,
https://www.uta.edu/news/in-the-news/2017/10/04.php,
https://www.uta.edu/news/in-the-news/2017/09/25.php,
https://www.uta.edu/news/in-the-news/2017/10/16.php,
https://www.uta.edu/news/in-the-news/2017/09/22.php,
https://www.uta.edu/news/in-the-news/2017/09/15.php,
https://www.uta.edu/news/in-the-news/2017/10/25.php,
https://www.uta.edu/news/in-the-news/2017/10/27.php,
https://www.uta.edu/news/in-the-news/2017/09/13.php,
https://www.uta.edu/news/in-the-news/2017/09/27.php,
https://www.uta.edu/news/in-the-news/2017/10/13.php,
https://www.uta.edu/news/in-the-news/2017/09/01.php,
https://www.uta.edu/news/in-the-news/2017/09/20.php,
https://www.uta.edu/news/in-the-news/2017/10/30.php,
https://www.uta.edu/news/in-the-news/2017/11/06.php,
https://www.uta.edu/news/in-the-news/2017/10/02.php,
https://www.uta.edu/news/in-the-news/2017/09/18.php,
https://www.uta.edu/news/in-the-news/2017/10/11.php,
https://www.uta.edu/news/in-the-news/2017/09/29.php,
https://www.uta.edu/news/in-the-news/2017/10/18.php,
https://www.uta.edu/news/in-the-news/2017/10/09.php,
https://www.uta.edu/news/in-the-news/2017/10/20.php,
https://www.uta.edu/news/in-the-news/2017/10/23.php,
https://www.uta.edu/news/in-the-news/2017/09/08.php,
https://www.uta.edu/news/in-the-news/2017/10/06.php,
https://www.uta.edu/news/in-the-news/2017/09/11.php,
https://www.uta.edu/news/in-the-news/2017/08/30.php,
https://www.uta.edu/news/in-the-news/2018/02/26.php,
https://www.uta.edu/news/in-the-news/2017/09/06.php,
https://www.uta.edu/news/in-the-news/2018/02/28.php,
